name,manufacturer,size,available
Ботинки лыжные,Учебная фабрика,42,5
Ботинки лыжные,Учебная фабрика,43,3
Перчатки лыжные,Учебная фабрика,42,2
Перчатки лыжные,Учебная фабрика,43,1
Ботинки лыжные — облегчённая модель,Учебная фабрика,42,2
Ботинки лыжные — облегчённая модель,Учебная фабрика,43,1
Перчатки лыжные — усиленная модель,Учебная фабрика,42,2
Перчатки лыжные — усиленная модель,Учебная фабрика,43,1
Ботинки лыжные — резервная модель,Учебная фабрика,42,2
Ботинки лыжные — резервная модель,Учебная фабрика,43,0
